domain,outcome,blockers,warnings,security_txt,security_txt_expires,security_txt_expired,days_left,files_present,security_txt_readable,security_txt_expires_at
google.com,checked,0,1,yes,yes,no,1287,security.txt,yes,2030-04-01T00:00:00.000Z
facebook.com,checked,0,0,yes,yes,no,30,security.txt,yes,2026-10-21T14:25:17.000Z
microsoft.com,checked,0,0,yes,yes,no,2,security.txt,yes,2026-09-23T16:00:00.000Z
amazonaws.com,checked,0,0,yes,yes,no,3,security.txt,yes,2026-09-24T16:25:03.000Z
apple.com,checked,0,0,yes,yes,no,272,security.txt,yes,2027-06-21T01:00:00.000Z
github.com,checked,0,0,yes,yes,no,30,security.txt,yes,2026-10-21T14:25:25.000Z
wikipedia.org,checked,0,1,yes,yes,no,922,security.txt,yes,2029-03-31T09:00:00.000Z
whatsapp.net,checked,0,0,yes,yes,no,30,security.txt,yes,2026-10-21T14:25:32.000Z
doubleclick.net,checked,0,1,yes,yes,no,1287,security.txt,yes,2030-04-01T00:00:00.000Z
netflix.com,checked,0,0,yes,yes,no,102,security.txt,yes,2027-01-01T06:00:00.000Z
wordpress.org,checked,0,0,yes,yes,no,282,security.txt,yes,2027-06-30T15:00:00.000Z
whatsapp.com,checked,0,0,yes,yes,no,30,security.txt,yes,2026-10-21T14:25:36.000Z
yahoo.com,checked,0,0,yes,yes,no,101,security.txt,yes,2026-12-31T12:00:00.000Z
adobe.com,checked,0,1,yes,yes,no,311,security.txt,yes,2027-07-30T01:00:00.000Z
ntp.org,checked,0,1,yes,yes,no,1198,security.txt,yes,2030-01-01T06:01:00.000Z
myfritz.net,checked,0,0,yes,yes,no,132,security.txt,yes,2027-01-31T22:00:00.000Z
zoom.us,checked,0,1,yes,yes,no,1196,security.txt,yes,2029-12-31T00:00:00.000Z
opera.com,checked,0,0,yes,yes,no,207,security.txt,yes,2027-04-17T00:00:00.000Z
f5.com,checked,0,0,yes,yes,no,344,security.txt,yes,2027-08-31T23:59:59.000Z
achmea.nl,checked,0,0,yes,yes,no,9,security.txt,yes,2026-10-01T00:00:00.000Z
reddit.com,checked,0,0,yes,yes,no,106,security.txt,yes,2027-01-05T23:00:00.000Z
criteo.com,checked,0,2,yes,yes,no,1288,security.txt,yes,2030-04-01T10:00:00.000Z
apache.org,checked,0,0,yes,yes,no,320,security.txt,yes,2027-08-07T08:21:50.000Z
epicgames.com,checked,0,0,yes,yes,no,262,security.txt,yes,2027-06-10T12:00:00.000Z
discord.com,checked,0,1,yes,yes,no,1056,security.txt,yes,2029-08-12T13:37:00.000Z
soundcloud.com,checked,0,0,yes,yes,no,171,security.txt,yes,2027-03-12T00:00:00.000Z
theguardian.com,checked,0,0,yes,yes,no,252,security.txt,yes,2027-05-31T08:00:00.000Z
bbc.com,checked,0,1,yes,yes,no,4138,security.txt,yes,2038-01-19T03:14:07.000Z
bbc.co.uk,checked,0,1,yes,yes,no,4138,security.txt,yes,2038-01-19T03:14:07.000Z
stripe.com,checked,0,0,yes,yes,no,101,security.txt,yes,2026-12-31T23:59:00.000Z
cpanel.net,checked,0,0,yes,yes,no,102,security.txt,yes,2027-01-01T11:59:00.000Z
adsrvr.org,checked,0,0,yes,yes,no,101,security.txt,yes,2026-12-31T20:59:00.000Z
roku.com,checked,0,1,yes,yes,no,286,security.txt,yes,2027-07-04T21:00:00.000Z
cisco.com,checked,0,0,yes,yes,no,101,security.txt,yes,2027-01-01T00:00:00.000Z
hubspot.com,checked,0,1,yes,yes,no,2809,security.txt,yes,2034-06-01T00:00:00.000Z
ibm.com,checked,0,0,yes,yes,no,29,security.txt,yes,2026-10-21T00:00:00.000Z
etsy.com,checked,0,0,yes,yes,no,222,security.txt,yes,2027-05-01T04:00:00.000Z
amplitude.com,checked,0,1,yes,yes,no,832,security.txt,yes,2028-12-31T23:59:00.000Z
www.gov.uk,checked,0,0,yes,yes,no,90,security.txt,yes,2026-12-21T02:12:07.000Z
weather.com,checked,0,0,yes,yes,no,101,security.txt,yes,2026-12-31T16:00:00.000Z
debian.org,checked,0,0,yes,yes,no,101,security.txt,yes,2026-12-31T22:59:00.000Z
wiley.com,checked,0,0,yes,yes,no,101,security.txt,yes,2027-01-01T00:00:00.000Z
php.net,checked,0,0,yes,yes,no,68,security.txt,yes,2026-11-28T11:59:59.999Z
datadoghq.com,checked,0,2,yes,yes,no,1197,security.txt,yes,2029-12-31T23:00:00.000Z
hostinger.com,checked,0,0,yes,yes,no,122,security.txt,yes,2027-01-21T23:01:00.000Z
mobile.de,checked,0,0,yes,yes,no,101,security.txt,yes,2027-01-01T00:00:00.000Z
trustpilot.com,checked,0,0,yes,yes,no,191,security.txt,yes,2027-04-01T00:00:00.000Z
zendesk.com,checked,0,0,yes,yes,no,206,security.txt,yes,2027-04-16T00:00:00.000Z
bloomberg.com,checked,0,0,yes,yes,no,282,security.txt,yes,2027-07-01T00:00:00.000Z
calendly.com,checked,0,0,yes,yes,no,200,security.txt,yes,2027-04-10T00:00:00.000Z
gitlab.com,checked,0,0,yes,yes,no,132,security.txt,yes,2027-01-31T05:00:00.000Z
plesk.com,checked,0,0,yes,yes,no,102,security.txt,yes,2027-01-01T11:59:00.000Z
google.cn,checked,0,1,yes,yes,no,1287,security.txt,yes,2030-04-01T00:00:00.000Z
supercell.com,checked,0,0,yes,yes,no,100,security.txt,yes,2026-12-30T22:00:00.000Z
intel.com,checked,0,1,yes,yes,no,385,security.txt,yes,2027-10-11T19:30:00.000Z
ipinfo.io,checked,0,0,yes,yes,no,333,security.txt,yes,2027-08-21T00:00:00.000Z
aol.com,checked,0,1,yes,yes,no,467,security.txt,yes,2028-01-02T00:00:00.000Z
speedtest.net,checked,0,0,yes,yes,no,102,security.txt,yes,2027-01-01T07:00:00.000Z
okta.com,checked,0,0,yes,yes,no,102,security.txt,yes,2027-01-01T08:00:00.000Z
atlassian.net,checked,0,0,yes,yes,no,135,security.txt,yes,2027-02-04T00:00:00.000Z
